<?xml version="1.0" encoding="UTF-8"?>
<!DOCTYPE mapper
    PUBLIC "-//mybatis.org//DTD Mapper 3.0//EN"
    "https://mybatis.org/dtd/mybatis-3-mapper.dtd">
    
    <!-- Dao 메소드명과 id는 같게 하는게 좋음 -->
<mapper namespace="com.example.shop.board.dao.BoardDAO">
    <select id = "count" resultType = "int">
       SELECT count(*) FROM board
       
    </select>
    
    <resultMap type = "BoardDTO" id = "listSelect" autoMapping="true">
       <association property="membersDTO" javaType = "MembersDTO">
          <result column = "memberName" property = "memberName"/>
       </association>
    </resultMap>
    
    <select id = "list" parameterType="PageDTO" resultMap="listSelect">
       <![CDATA[
       SELECT b.*
         FROM(SELECT rownum AS rm, a.*
            FROM(SELECT b.*, m.memberName
               FROM board b, members m
               WHERE b.memberEmail = m.memberEmail(+)
               ORDER BY ref DESC, re_step ASC)a)b
         WHERE b.rm >= #{startRow} AND b.rm <= #{endRow}
      ]]>
    </select>
    
    <!--<select id = "list" parameterType="PageDTO" resultType="BoardDTO">
       <![CDATA[
       SELECT b.*
         FROM(SELECT rownum AS rm, a.*
            FROM(SELECT b.* FROM board b
               ORDER BY ref DESC, re_step ASC)a)b
         WHERE b.rm >= #{startRow} AND b.rm <= #{endRow}
      ]]>
    </select>-->   
                                                       
    <insert id = "save" parameterType="BoardDTO">
       INSERT INTO board(num, subject, reg_date, readcount, ref, re_step, re_level, content, ip, upload, memberEmail)
       VALUES(board_num_seq.nextval, #{subject}, sysdate, 0,
       <choose>
          <when test = "ref==0">
             board_num_seq.nextval,
          </when>
          <otherwise>
             #{ref},
          </otherwise>
       </choose>
       #{re_step}, #{re_level}, #{content, jdbcType=VARCHAR}, #{ip}, #{upload, jdbcType=VARCHAR}, #{memberEmail, jdbcType=VARCHAR})
    </insert>
    
    <update id = "readCount" parameterType = "int">
       UPDATE board
       SET readCount = readCount + 1
       WHERE num=#{num}
    </update>
    
    <resultMap type="BoardDTO" id="contentSelect" autoMapping="true">
       <association property="membersDTO" javaType = "MembersDTO">
          <result column = "memberName" property="memberName"/>
       </association>
    </resultMap>
    
    <select id = "content" parameterType = "int" resultMap = "contentSelect">
       SELECT b.*, m.memberName
      FROM board b, members m
      WHERE  num = #{num}                 
    </select>
    
    <!-- WHERE b.memberEmail = m.memberEmail(+)
      AND num = #{num} -->
    
    <!--<select id = "content" parameterType = "int" resultType = "BoardDTO">
       SELECT b.*
      FROM board b
      WHERE num = #{num}                 
    </select>-->
    
    <update id = "reStepCount" parameterType = "BoardDTO">
       UPDATE board
       SET re_step = re_step + 1
       WHERE ref=#{ref} AND re_step > #{re_step}
    </update>
    
    <update id = "update" parameterType = "BoardDTO">
       UPDATE board
       SET subject=#{subject}, content=#{content}
       <if test="upload!=null">
          ,upload=#{upload}
       </if>
       WHERE num=#{num}
    </update>
    
    <select id = "getFile" parameterType = "int" resultType = "string">
       SELECT upload
       FROM board
       WHERE num=#{num}
    </select>
    
    <delete id = "delete" parameterType = "int">
       DELETE FROM board
       WHERE num=#{num}
    </delete>
    
</mapper>
 
 
 
 
 
 